courseTimeID,courseID,courseTime,dayOfWeek,startPeriod,endPeriod
,10251,2,화,4,5
,11423,2,월,3,4
,11424,2,월,5,6
,11425,2,월,8,9
,11426,2,화,4,5
,11427,2,목,8,9
,10366,2,월,5,6
,11719,2,화,8,9
,11720,2,화,2,3
,12565,2,월,3,4
,11905,2,수,6,7
,13144,2,화,3,4
,13033,2,월,6,7
,11912,2,수,3,4
,11913,2,화,5,6
,11920,2,목,7,8
,13197,2,월,5,6
,11935,2,화,5,6
,13053,3,수,2,4
,13054,3,수,6,8
,11950,3,월,1,3
,11951,3,수,6,8
,11952,3,목,6,8
,13180,3,수,6,8
,13056,3,목,1,3
,13057,3,금,6,8
,13308,3,수,6,8
,11959,3,금,1,3
,11960,3,금,5,7
,13058,3,화,4,6
,13059,3,금,1,3
,13061,3,화,2,4
,13179,3,목,1,3
,13090,1,화,3,4
,11947,2,화,3,4
,13106,2,월,8,9
,13107,2,목,7,8
,13132,1,화,5,6
,13133,1,목,3,4
,10213,3,목,7,9
,12036,2,화,7,8
,11721,2,수,6,7
,12039,3,월,5,9
,12040,3,수,2,5
,12041,3,화,2,5
,12042,3,목,7,9
,12043,3,월,5,8
,12044,3,화,1,3
,12045,3,월,2,8
,12046,3,수,5,7
,13157,2,수,3,4
,13158,2,목,3,4
,11929,2,수,8,9
,13051,2,화,1,2
,11907,2,수,1,2
,11918,2,수,1,2
,13026,2,목,2,3
,13168,2,월,5,6
,13004,1,금,3,4
,13040,1,목,9,10
,13078,1,목,9,10
,11939,2,금,2,3
,11940,2,금,4,5
,13237,2,화,2,3
,13077,1,화,2,3
,12967,3,수,6,8
,10214,1,월,5,6
,11914,1,수,5,6
,11915,1,수,7,8
,11503,6,화,5,5
,11507,1,월,6,7
,11504,6,화,5,5
,13151,2,목,5,6
,13020,2,월,2,3
,11948,2,화,7,8
,13079,2,화,7,8
,11932,2,목,4,5
,11933,2,목,6,7
,12465,2,월,7,8
,12466,2,월,6,7
,12470,2,목,5,6
,12468,2,월,7,8
,13162,1,수,6,7
,11904,2,수,5,6
,13129,2,수,3,4
,13130,2,화,2,3
,11917,2,수,6,7
,11903,2,수,2,3
,11906,2,수,4,5
,13280,2,화,2,3
,10426,3,금,1,3
,10929,2,금,2,3
,13015,2,월,5,6
,11916,2,수,2,3
,10274,3,목,7,9
,10261,3,월,10,12
,10435,3,토,1,3
,13043,2,화,2,3
,10259,3,월,4,6
,10123,3,수,7,9
,11891,2,목,2,3
,11892,2,목,4,5
,11893,2,목,6,7
,13031,2,목,2,3
,10262,3,월,13,15
,10277,3,목,13,15
,10273,3,목,1,3
,11931,2,화,4,5
,13108,2,수,8,9
,13119,2,금,7,8
,10278,3,금,1,3
,11510,3,목,2,4
,11537,3,월,6,8
,11635,3,목,10,12
,10424,3,목,13,15
,10267,3,화,11,13
,13124,2,화,5,6
,11897,2,금,6,8
,13123,2,화,3,4
,13113,2,목,2,3
,13052,2,목,5,6
,13103,2,수,3,4
,13086,2,목,7,8
,12032,2,목,3,4
,13037,2,수,3,4
,11919,2,수,7,8
,10932,2,목,4,5
,11724,2,수,3,4
,12464,2,목,4,5
,12469,2,목,3,4
,12471,2,화,3,4
,12467,2,수,4,5
,13146,1,목,2,3
,13147,1,목,5,6
,13148,1,목,7,8
,11909,1,금,2,3
,11910,1,금,4,5
,11911,1,금,6,7
,11943,1,수,2,3
,11944,1,수,5,6
,11945,1,수,7,8
,13163,2,수,2,3
,11953,1,월,5,6
,11954,1,월,7,8
,11955,1,수,1,2
,11956,1,수,3,4
,11957,1,금,5,6
,11958,1,금,7,8
,11638,3,목,6,8
,11639,3,화,6,8
,11807,3,금,1,3
,11946,2,목,7,9
,11922,2,월,6,8
,11896,2,금,2,4
,11921,2,월,2,4
,11969,2,월,1,6
,11970,2,월,2,8
,11971,2,화,1,6
,11972,2,화,2,8
,11973,2,화,4,9
,11974,2,월,1,6
,11975,2,월,2,8
,11976,2,화,1,6
,11977,2,화,2,8
,11978,2,화,4,9
,11979,2,월,1,5
,11980,2,월,2,9
,11981,2,화,1,6
,11982,2,화,2,8
,11983,2,화,4,9
,12022,2,월,1,6
,12010,2,월,1,5
,11984,2,월,1,6
,11985,2,월,2,8
,11986,2,월,2,8
,11987,2,화,1,6
,11988,2,화,2,8
,11989,2,월,1,6
,11990,2,월,1,5
,11991,2,월,1,6
,11992,2,월,2,8
,11993,2,화,1,6
,12024,2,월,1,5
,12012,2,화,2,8
,12013,2,월,2,8
,11994,2,화,2,8
,11995,2,화,4,9
,11996,2,화,2,8
,11997,2,화,4,9
,11998,2,수,5,9
,12026,2,화,1,6
,12014,2,월,1,6
,12015,2,화,4,9
,11961,2,월,1,6
,11962,2,월,1,6
,11963,2,화,1,6
,11964,2,화,1,6
,11999,2,월,1,6
,12000,2,월,2,8
,12001,2,월,2,8
,12002,2,월,2,9
,12003,2,화,1,6
,12004,2,화,4,9
,12027,2,월,2,9
,12016,2,화,4,9
,12005,2,월,1,6
,12006,2,월,2,8
,12007,2,월,1,5
,12126,2,화,2,8
,12029,2,월,1,6
,12018,2,월,1,6
,12019,2,월,1,5
,12008,2,월,1,5
,12009,2,월,1,6
,12127,2,화,1,6
,12031,2,화,4,9
,12020,2,화,2,8
,11965,2,월,2,8
,11966,2,월,2,8
,11967,2,화,2,8
,11968,2,화,2,8
,13138,2,목,2,3
,11808,3,수,7,9
,12047,3,목,7,9
,12049,3,수,1,3
,12050,3,화,4,9
,12051,3,월,2,6
,12052,3,수,5,6
,12053,3,월,2,8
,12054,3,목,1,3
,13089,2,수,5,6
,13085,2,수,7,8
,13118,2,화,2,3
,11937,2,수,5,6
,10420,3,목,4,6
,10281,3,금,10,12
,11170,2,수,1,3
,10412,2,수,4,6
,11172,2,수,7,9
,10398,2,화,10,12
,11173,2,수,10,12
,10440,2,토,8,10
,10400,2,화,13,15
,11169,2,화,13,15
,10390,2,월,10,12
,10394,2,화,1,3
,10124,3,수,10,12
,10125,3,수,13,15
,10272,3,수,13,15
,10275,3,목,7,9
,10279,3,금,4,6
,10438,2,토,6,8
,13022,2,목,5,6
,11936,2,수,5,6
,11938,2,금,4,5
,13136,2,화,3,4
,13047,2,수,7,8
,13048,2,월,3,4
,11908,2,월,4,5
,11941,2,월,6,7
,11898,2,월,5,6
,11901,2,금,5,6
,11934,2,수,4,5
,11899,1,목,10,11
,11900,1,목,8,9
,13137,2,수,7,8
,10392,2,월,13,15
,10436,2,토,3,5
,11177,2,목,13,15
,10417,2,수,13,15
,10287,2,토,10,12
,10391,2,월,13,15
,10395,2,화,4,6
,11163,3,월,10,12
,11889,2,월,5,6
,11890,2,월,7,8
,13035,2,화,5,6
,11167,3,화,7,9
,11168,3,화,10,12
,11175,3,목,1,3
,10421,3,목,7,9
,11164,3,월,13,15
,10422,3,목,10,12
,11162,3,월,7,9
,11174,3,수,13,15
,10433,3,금,13,15
,11176,3,목,4,6
,10282,3,금,13,15
,11165,3,화,1,3
,10430,3,금,10,12
,10429,3,금,7,9
,11166,3,화,4,6
,13164,2,화,7,8
,13050,2,목,7,8
,13046,2,수,5,6
,13105,2,수,4,5
,13135,2,수,3,4
,13074,2,수,7,8
,13115,2,목,5,6
,13017,2,수,5,6
,13149,2,월,7,8
,13073,2,화,3,4
,13102,2,수,1,2
,13166,2,목,5,6
,10427,2,금,4,6
,10401,2,수,1,3
,11161,3,월,4,6
,10419,2,목,1,3
,10284,2,토,4,6
,10291,3,월,1,3
,11622,2,화,7,8
,11623,2,화,2,3
,11624,2,금,2,3
,11625,2,금,5,6
,12131,2,화,1,2
,12148,2,화,1,2
,12150,2,화,1,2
,12152,2,화,1,2
,12158,2,월,4,5
,12162,2,월,4,5
,12163,2,수,5,6
,12164,2,수,5,6
,12165,2,수,5,6
,12166,2,월,2,3
,12167,2,월,2,3
,12168,2,월,2,3
,12173,2,월,1,2
,12174,2,월,1,2
,12177,2,월,1,2
,12178,2,월,1,2
,12179,2,화,5,6
,12180,2,화,5,6
,12181,2,화,5,6
,12183,2,월,7,9
,12203,2,월,7,9
,12205,2,월,7,9
,12207,2,월,7,9
,12208,2,월,4,6
,12209,2,월,4,6
,12210,2,월,5,8
,12211,2,월,5,8
,12212,2,월,4,5
,12213,2,월,4,5
,12214,2,목,2,3
,12215,2,목,2,3
,12216,2,목,2,3
,12218,2,화,4,5
,12219,2,화,4,5
,12220,2,화,4,5
,12221,2,화,5,8
,12222,2,화,5,8
,12223,2,화,5,8
,12224,2,월,4,6
,12225,2,월,4,6
,12226,2,월,2,3
,12227,2,월,2,3
,12228,2,수,4,8
,12229,2,수,4,8
,12230,2,화,7,9
,12231,2,화,7,9
,12232,2,화,7,9
,12233,2,화,7,9
,12234,2,월,5,8
,12235,2,월,5,8
,12236,2,월,5,8
,12237,2,월,5,8
,12238,2,월,7,9
,12239,2,월,7,9
,12240,2,월,7,9
,12241,2,수,1,5
,12242,2,화,1,8
,12243,2,월,4,5
,12244,2,화,5,8
,12245,2,월,5,6
,12246,2,수,4,5
,12247,2,월,1,2
,13171,2,목,8,9
,11722,2,수,2,3
,11723,2,금,2,3
,13170,2,수,1,2
,13165,2,화,2,3
,13238,2,화,7,8
,13153,2,목,6,7
,13044,2,목,3,4
,13097,2,화,4,5
,11925,2,월,3,4
,13139,2,화,5,6
,13161,2,화,7,8
,13134,2,수,7,8
,10266,3,화,10,12
,10290,2,토,13,15
,13091,3,일,14,14
,13229,2,화,6,7
,13012,2,수,3,4
,13027,2,수,5,6
,13125,2,월,3,4
,13143,2,수,6,7
,13145,2,수,8,9
,13167,2,목,2,3
,11924,2,월,5,6
,11926,2,월,7,8
,11046,2,토,11,13
,11160,2,월,1,3
,10414,2,수,7,9
,10415,2,수,10,12
,10397,2,화,7,9
,10389,2,월,7,9
,10285,2,토,7,9
,11171,2,수,4,6
,13140,2,화,6,7
,13142,2,화,8,9
,10016,3,수,4,9
,10017,3,수,4,9
,10018,3,목,4,8
,10012,3,목,4,8
,10014,3,화,1,6
,10015,3,화,1,6
,10019,3,화,2,8
,10013,3,화,2,8
,10011,3,화,4,9
,10020,3,화,4,9
,11928,2,목,5,6
,11902,2,목,2,3
,13169,2,목,6,7
,13042,2,목,2,3
,13141,2,화,7,8
,11927,2,화,7,8
,13087,2,목,8,9
,13075,2,화,7,8
,13030,2,월,6,7
,13088,2,수,8,9
,13100,2,일,14,14
,13034,2,수,2,3
,13023,2,수,2,3
,12035,2,수,7,8
,10268,3,수,1,3
,10276,3,목,10,12
,10257,3,월,1,3
,13193,3,화,1,3
,12460,2,월,2,5
,12461,2,화,4,6
,12462,2,월,2,3
,12463,2,화,2,5
,13181,3,일,14,14
,13093,2,목,6,7
,13198,2,화,6,7
,13155,2,화,7,8
,13160,2,화,5,6
,13228,2,수,5,6
,13127,2,금,7,8
,13116,2,화,3,4
,13111,2,금,2,3
,13114,2,목,6,7
,13112,2,화,5,6
,13131,2,월,4,5
,13128,2,화,5,6
,13126,2,월,5,6
,13117,3,일,14,14
,13234,3,화,1,3
,13282,2,수,2,3
,13235,2,화,4,5
,13239,2,목,3,4
,13240,2,목,1,2
,13244,2,목,5,6
,13345,2,목,7,8
,11659,3,월,1,6
,12132,3,화,2,6
,12133,3,월,1,6
,11660,1,수,5,6
,11661,1,수,7,8
,11747,3,화,2,8
,12784,3,목,5,8
,10856,3,월,1,3
,10098,3,수,7,9
,11512,2,수,5,6
,11513,2,목,6,7
,13220,1,목,3,4
,11779,3,월,1,8
,12524,3,토,1,3
,12559,3,토,1,3
,10128,3,목,1,3
,10146,3,월,2,4
,12871,1,수,1,1
,11206,3,월,1,2
,12976,3,월,2,3
,12599,2,금,1,2
,10548,3,월,2,8
,10549,3,월,2,9
,10470,3,월,1,5
,13260,3,월,2,8
,13251,3,월,1,6
,10878,3,금,1,3
,10654,3,화,5,7
,10004,3,수,3,5
,10474,3,목,5,7
,10595,3,화,7,9
,12980,3,화,5,8
,13261,3,화,1,6
,10618,2,월,6,9
,11005,3,화,4,9
,10959,3,월,1,6
,12063,2,금,3,4
,12607,3,화,8,10
,13247,3,화,4,9
,13245,1,월,8,9
,13253,1,금,4,5
,12299,3,목,7,9
,11322,3,화,1,3
,10108,3,화,1,6
,12346,3,화,8,9
,10619,3,수,5,8
,10005,3,화,3,5
,10065,3,월,2,9
,12981,3,수,2,8
,11131,2,수,5,6
,10767,3,월,7,8
,10126,3,월,2,6
,10655,2,화,2,3
,10822,2,월,5,6
,10423,2,목,1,3
,11428,3,수,2,4
,11429,2,목,6,8
,11430,2,목,6,8
,10006,1,화,7,8
,13316,1,수,6,7
,11207,3,화,2,8
,10879,2,월,7,8
,10965,3,금,1,3
,10151,3,화,5,8
,12064,2,화,1,2
,11051,3,화,1,3
,10475,3,화,5,7
,12653,3,월,3,4
,10308,1,월,1,2
,10661,3,월,7,9
,10662,3,화,7,9
,13200,3,화,1,6
,12348,3,화,2,6
,10047,2,월,7,8
,11584,3,화,2,4
,10027,2,금,3,4
,10127,3,수,6,8
,12315,2,금,6,7
,12983,3,월,2,9
,11321,3,화,4,6
,13183,1,금,6,7
,13184,1,금,8,9
,13071,3,화,1,6
,10152,3,수,5,8
,10576,3,월,1,6
,11323,3,수,1,3
,10129,3,화,1,2
,12985,3,화,2,6
,10550,3,수,4,6
,10656,1,수,2,3
,13201,3,화,2,3
,10048,2,목,2,3
,10049,2,목,4,5
,11075,3,화,2,8
,10747,3,화,4,6
,10748,3,월,5,9
,10768,2,화,5,9
,12065,2,화,5,6
,10824,1,목,9,10
,11159,2,목,9,10
,12066,1,금,9,10
,10578,3,화,5,9
,12067,2,금,5,6
,10966,2,월,1,3
,10977,2,수,1,3
,12481,1,목,7,8
,10825,2,수,7,8
,10050,2,수,8,9
,12663,3,화,1,3
,12664,3,화,1,3
,12665,3,화,1,3
,12666,3,화,5,7
,12667,3,화,1,3
,12668,3,화,1,3
,12670,3,월,1,3
,12671,3,월,5,7
,12672,3,월,1,3
,12673,3,월,1,3
,12674,3,월,1,3
,12675,3,월,1,3
,12676,3,수,1,3
,12677,3,수,1,3
,12678,3,수,1,3
,12679,3,수,1,3
,12680,3,수,1,3
,12681,3,수,1,3
,12682,3,목,1,3
,12683,3,목,5,7
,12684,3,목,1,3
,12685,3,목,5,7
,12686,3,목,1,3
,12687,3,목,1,3
,10471,3,월,7,9
,10066,3,화,7,9
,11662,3,화,2,8
,12629,3,월,2,8
,12630,3,월,1,6
,10749,3,목,1,3
,12341,3,화,2,6
,12770,2,목,3,4
,11748,4,월,2,10
,11749,4,월,2,10
,11750,4,월,2,10
,10109,3,수,1,3
,10110,3,월,1,3
,10880,3,수,2,4
,10597,1,목,1,2
,13311,1,목,3,4
,11588,2,화,7,8
,12134,3,월,2,5
,10881,2,화,6,9
,10882,2,수,6,9
,12539,3,토,8,10
,12542,3,토,1,3
,12527,3,토,5,7
,12560,3,토,5,7
,11076,3,화,1,6
,11045,3,월,1,3
,10552,3,목,4,6
,10663,3,월,1,3
,10664,3,화,2,8
,10750,3,금,4,6
,10751,3,금,7,9
,11809,3,화,1,3
,11810,3,월,1,3
,11813,3,목,1,3
,11816,3,수,1,3
,11373,3,월,1,8
,11374,1,목,6,7
,11375,1,목,8,9
,11376,3,월,2,6
,12989,1,월,7,8
,10063,3,월,7,8
,11407,3,목,2,6
,11408,1,목,7,8
,11409,3,화,7,9
,12422,3,토,8,10
,12771,2,수,9,10
,11231,3,화,5,6
,11230,3,월,5,8
,12724,3,수,5,7
,12725,3,월,2,5
,11636,2,월,7,8
,11637,2,월,7,8
,11641,3,월,5,6
,12477,3,수,6,8
,12478,3,월,6,8
,11753,3,월,6,9
,12518,3,수,6,9
,11052,2,화,6,8
,12656,3,월,1,6
,12973,3,수,2,9
,12567,3,수,1,9
,12992,3,월,5,8
,13049,3,화,7,9
,11273,3,화,4,9
,11274,2,월,2,3
,10425,2,화,2,4
,10428,2,월,8,10
,10431,2,월,4,7
,12712,3,금,1,3
,13276,3,월,2,8
,12709,1,금,5,6
,12710,1,금,7,8
,13277,1,화,6,7
,13291,1,수,2,3
,12713,3,월,2,6
,12714,1,금,5,6
,12715,1,금,7,8
,13278,1,화,6,7
,13292,1,수,2,3
,10472,3,수,6,8
,11693,3,월,1,8
,11694,3,월,2,3
,11696,3,월,5,6
,12351,3,월,5,6
,12363,3,수,5,8
,13271,2,화,7,8
,12974,3,수,7,9
,11275,3,화,2,8
,12353,3,수,1,3
,10432,2,목,7,10
,12850,2,금,5,6
,12716,3,화,2,8
,10309,3,월,3,6
,11377,1,월,1,2
,11378,1,수,2,3
,11379,1,목,2,3
,11514,3,월,2,6
,11515,3,수,1,3
,11232,3,화,7,9
,11756,3,화,3,4
,11772,3,월,2,8
,12969,3,수,8,9
,12657,1,화,6,7
,13230,1,화,6,7
,11276,3,화,1,6
,12829,2,수,9,10
,10153,3,월,5,8
,10157,2,목,3,4
,10158,2,목,3,4
,10159,2,목,3,4
,10160,2,목,3,4
,10161,2,목,5,6
,10162,2,목,5,6
,10163,2,목,5,6
,10164,2,화,3,4
,10165,2,화,3,4
,10166,2,화,3,4
,10167,2,화,5,6
,10168,2,화,5,6
,10169,2,화,5,6
,10170,2,수,1,2
,10171,2,수,1,2
,10172,2,수,1,2
,10173,2,금,1,2
,10174,2,금,1,2
,10175,2,금,1,2
,10176,2,금,3,4
,10177,2,금,3,4
,10178,2,금,3,4
,10179,2,목,5,6
,10180,2,월,3,4
,10181,2,월,3,4
,10182,2,월,3,4
,10183,2,월,5,6
,10184,2,월,5,6
,10185,2,금,5,6
,10186,2,금,5,6
,10187,2,금,5,6
,10188,2,금,5,6
,10189,2,목,1,2
,10190,2,목,1,2
,10191,2,수,3,4
,10192,2,수,3,4
,10193,2,수,5,6
,10194,2,수,5,6
,10195,2,월,7,8
,10196,2,월,7,8
,10197,2,화,7,8
,10198,2,화,7,8
,10199,2,금,7,8
,10200,2,금,7,8
,10201,2,목,7,8
,10202,2,목,7,8
,10203,2,월,1,2
,10204,2,월,1,2
,10205,2,월,1,2
,10206,2,월,5,6
,10207,2,금,3,4
,10208,2,화,1,2
,10826,2,목,1,2
,13257,2,목,3,4
,10658,2,목,2,3
,10659,3,목,7,9
,12726,3,화,7,9
,10827,1,화,6,7
,12772,3,수,6,8
,12830,3,수,6,8
,12851,3,수,6,8
,12773,3,화,1,6
,12831,3,화,2,8
,12852,3,화,2,8
,12774,3,화,6,8
,12833,3,목,5,7
,12853,3,월,5,7
,12775,3,금,1,3
,12834,3,금,4,6
,12854,3,금,7,9
,12835,2,월,1,4
,12855,2,화,6,9
,12591,3,금,6,8
,13186,3,금,2,4
,10111,3,목,6,8
,12060,1,월,3,4
,11138,2,화,5,6
,12529,3,토,11,13
,12579,3,토,11,13
,12588,3,토,11,13
,12528,3,토,8,10
,12561,3,토,8,10
,12354,1,목,3,4
,12355,1,목,7,8
,13072,3,월,2,8
,13218,2,금,5,6
,12786,1,화,7,7
,12787,1,화,3,3
,12788,1,수,6,6
,12789,1,월,9,9
,12790,1,월,10,10
,12791,1,월,9,9
,12792,1,월,9,9
,12793,1,월,9,9
,12794,1,월,7,7
,12795,1,월,7,7
,12796,1,화,6,6
,12797,1,수,4,4
,12798,1,금,9,9
,12799,1,화,7,7
,12800,1,화,3,3
,12801,1,화,1,1
,12802,1,목,9,9
,12803,1,수,5,5
,12804,1,수,6,6
,12805,1,수,5,5
,12806,1,화,9,9
,12807,1,월,7,7
,12808,1,목,1,1
,12809,1,화,9,9
,12810,1,목,5,5
,12811,1,월,9,9
,12812,1,금,4,4
,12813,1,화,10,10
,12814,1,수,5,5
,12815,1,월,7,7
,12816,1,화,8,8
,12817,1,목,1,1
,12818,1,목,3,3
,12872,1,목,4,4
,12873,1,금,5,5
,12874,1,화,9,9
,12875,1,목,4,4
,12876,1,월,4,4
,12877,1,목,3,3
,12878,1,화,5,5
,12879,1,월,9,9
,12880,1,수,7,7
,12881,1,목,4,4
,12882,1,목,6,6
,12883,1,월,2,2
,12884,1,월,4,4
,12885,1,월,2,2
,12886,1,화,9,9
,12887,1,수,8,8
,12888,1,수,9,9
,12889,1,화,7,7
,12890,1,화,9,9
,12891,1,화,10,10
,12892,1,수,3,3
,12893,1,화,7,7
,12894,1,월,1,1
,12895,1,수,5,5
,12896,1,수,6,6
,12897,1,화,1,1
,12898,1,수,1,1
,10028,1,월,6,6
,10029,3,월,7,9
,13188,3,목,7,9
,12776,3,월,1,5
,12836,3,월,2,8
,12856,3,월,2,9
,13283,1,월,11,12
,12364,3,월,2,8
,10147,3,화,2,8
,12543,3,토,5,7
,11225,3,목,1,4
,11226,3,목,6,9
,11227,2,금,2,4
,12777,2,수,3,4
,12837,2,목,8,9
,12857,2,목,5,6
,10030,2,월,3,4
,13187,2,월,7,8
,10310,6,월,1,9
,10311,4,수,1,5
,10312,2,수,6,8
,10314,3,목,1,5
,12250,2,화,2,3
,12251,2,화,2,3
,12252,2,화,2,3
,12253,2,화,2,3
,12254,2,화,4,6
,12255,2,화,4,6
,12256,2,화,4,6
,12257,2,화,7,9
,12258,2,화,7,9
,12259,2,화,7,9
,12260,2,월,1,3
,12261,2,월,1,3
,12262,2,월,1,3
,12263,2,월,1,2
,12264,2,월,1,2
,12265,2,화,2,3
,12266,2,화,2,3
,12267,2,화,2,3
,12268,2,화,2,3
,12269,2,월,4,5
,12270,2,월,4,5
,12272,2,월,5,6
,12274,2,월,5,6
,12275,2,화,1,2
,12276,2,화,1,2
,12406,2,월,1,5
,12407,2,월,1,5
,12408,2,월,2,3
,12409,2,월,2,3
,12410,2,월,2,3
,12411,2,월,2,3
,12412,2,화,5,6
,12413,2,화,5,6
,12414,2,화,5,6
,12415,2,화,1,2
,12416,2,화,1,2
,12417,2,화,1,2
,12418,2,수,1,3
,12419,2,수,1,3
,12420,2,월,1,3
,12421,2,월,1,3
,12423,2,화,1,3
,12425,2,화,1,3
,12427,2,월,4,5
,12428,2,월,4,5
,12429,2,월,4,5
,12430,2,월,4,5
,12431,2,화,4,5
,12432,2,화,4,5
,12433,2,수,5,6
,12434,2,수,5,6
,12435,2,화,4,6
,12438,2,화,4,6
,12440,2,수,4,9
,12441,2,수,4,9
,12442,2,수,4,9
,12443,2,수,5,6
,12444,2,수,5,6
,12445,2,수,5,6
,12447,2,수,2,5
,12448,2,수,2,5
,12449,2,수,2,5
,12456,2,월,4,8
,12457,2,월,4,8
,12483,2,월,4,8
,11848,2,금,1,3
,11849,2,화,2,4
,11850,2,목,1,3
,11851,2,수,5,8
,11852,2,수,2,4
,11853,2,화,2,4
,11854,2,화,6,8
,11855,2,월,6,8
,11856,2,월,5,8
,11857,2,월,2,4
,11858,2,월,2,4
,11859,2,월,2,4
,11860,2,월,2,4
,11861,2,화,2,4
,11863,2,수,1,3
,11864,2,화,2,5
,11865,2,화,6,8
,11866,2,화,2,4
,11867,2,금,1,3
,11868,2,목,5,8
,11869,2,목,5,8
,11870,2,수,1,3
,11871,2,목,5,8
,11872,2,월,2,4
,11873,2,금,1,3
,11874,2,금,1,3
,11875,2,수,5,8
,11876,2,월,6,8
,11877,2,월,6,8
,11878,2,금,5,8
,11879,2,금,5,8
,11880,2,금,5,8
,11881,2,목,1,3
,11882,2,목,1,3
,11883,2,금,5,8
,11884,2,수,5,7
,11885,2,목,6,8
,11886,2,수,2,4
,11887,2,목,2,4
,11888,2,수,1,3
,12061,2,수,7,9
,13272,2,화,7,8
,12608,3,목,1,3
,12572,2,목,7,8
,12586,2,수,3,4
,12616,2,화,2,6
,13259,3,화,2,8
,13248,3,화,2,8
,13249,3,화,2,8
,13264,3,월,2,9
,13265,3,화,2,8
,13266,3,월,1,6
,13279,3,월,1,6
,10051,2,화,10,11
,12304,2,화,8,9
,10154,3,화,1,6
,11811,3,화,5,7
,10769,3,월,2,8
,11277,3,월,1,6
,10598,2,금,5,6
,10944,3,토,5,7
,11516,2,월,2,3
,10053,2,목,2,3
,10054,2,화,6,7
,10055,2,월,5,6
,12511,2,수,4,5
,10056,1,월,1,3
,10057,1,금,5,7
,11505,1,수,1,3
,11506,1,목,5,7
,13294,1,금,8,10
,10660,3,수,5,7
,12135,3,월,2,8
,10522,3,금,5,7
,10859,3,수,2,4
,12316,3,월,4,9
,10478,3,월,2,3
,10665,3,화,1,3
,10752,3,수,1,3
,11077,3,월,2,9
,12640,3,월,4,6
,12991,3,월,7,9
,10860,3,월,1,6
,10620,3,화,2,8
,10861,2,월,5,8
,10368,3,화,5,8
,12345,3,수,1,3
,10466,3,월,2,8
,10666,3,월,4,6
,10068,1,화,6,7
,11380,3,화,7,8
,11006,3,월,7,8
,12311,3,월,5,8
,12068,1,금,5,6
,10477,3,월,2,4
,10770,3,목,5,8
,10553,3,금,4,6
,10369,3,수,2,3
,10060,2,수,6,7
,12475,3,화,7,9
,11819,3,화,1,3
,11208,3,수,7,9
,10252,3,화,2,5
,10599,3,화,1,3
,10621,3,월,1,2
,10008,3,수,6,8
,10253,1,목,9,10
,10622,2,화,6,9
,10009,3,수,6,8
,12069,1,수,3,4
,12356,3,화,6,8
,10112,3,화,2,8
,10499,3,화,2,8
,13096,3,월,2,8
,11007,3,화,5,6
,10633,3,목,3,5
,10753,3,월,8,9
,10968,1,월,2,3
,10969,1,화,2,3
,10970,1,수,2,3
,13067,3,목,7,9
,10726,3,수,1,3
,12979,3,화,2,8
,10031,2,금,3,4
,12343,3,월,1,6
,13231,3,목,2,4
,11585,3,목,2,4
,10315,3,수,1,4
,10600,3,월,5,6
,10479,3,월,1,6
,10884,3,화,1,3
,11326,3,수,1,3
,12136,3,월,1,6
,10370,3,월,1,2
,10972,3,월,2,8
,10973,3,금,7,9
,12424,3,토,8,10
,11209,3,월,2,9
,10975,3,화,1,5
,10862,3,화,7,9
,12070,1,수,1,2
,12137,3,수,4,6
,10523,3,월,5,8
,12072,2,목,5,6
,13202,3,금,5,8
,10828,2,목,2,3
,11595,3,화,2,4
,11435,3,수,2,4
,12642,3,월,2,8
,10863,3,월,2,8
,12138,3,월,5,9
,12504,3,월,2,3
,12515,3,금,4,6
,12312,3,월,5,8
,11210,3,월,2,5
,11381,3,월,1,6
,11664,3,월,2,8
,12357,3,월,7,8
,11436,3,화,7,9
,11328,3,화,1,3
,10113,3,화,1,3
,10829,1,화,3,4
,12866,1,화,7,8
,10500,3,월,1,6
,12571,3,월,2,4
,11211,3,화,2,5
,12073,1,화,1,2
,11156,1,목,5,6
,13076,3,화,2,8
,12592,3,수,4,8
,10554,3,수,7,9
,10555,3,화,2,5
,10556,3,화,2,9
,11839,3,목,2,4
,10355,3,화,2,8
,13203,3,월,2,8
,11665,1,금,1,2
,11666,1,금,3,4
,12358,1,수,2,3
,12359,1,목,5,6
,11680,1,수,6,7
,13185,1,수,8,9
,12502,1,수,6,7
,12503,1,수,8,9
,11840,3,금,1,3
,10010,3,월,2,4
,13204,3,월,4,6
,11437,3,금,5,7
,11841,3,화,6,8
,12321,3,수,2,4
,10077,3,수,1,3
,10480,2,화,6,9
,10481,2,목,6,9
,10482,3,화,1,2
,12501,3,화,1,6
,10579,3,월,9,11
,11667,3,수,5,9
,13001,3,화,1,3
,13005,3,화,5,8
,12360,1,금,4,5
,12361,1,금,6,7
,11278,3,수,5,8
,12521,3,월,2,8
,10130,3,화,1,2
,10580,3,목,5,7
,10061,2,수,10,11
,12055,2,월,10,11
,10131,3,화,6,8
,11142,1,금,9,10
,13095,3,화,5,6
,10581,3,수,9,11
,10623,2,수,6,9
,10032,2,화,2,3
,13205,3,화,2,5
,12587,2,수,7,8
,12074,2,화,7,8
,13007,3,월,4,5
,10830,1,금,2,3
,10831,2,수,5,6
,10979,2,수,4,6
,10980,2,수,7,9
,10832,2,화,1,2
,12322,3,금,5,7
,10754,3,목,5,8
,10316,4,월,4,8
,10317,4,화,4,8
,10318,3,수,5,8
,10319,3,목,1,4
,10320,3,목,5,8
,10321,2,금,1,2
,12374,3,월,1,5
,12139,3,화,2,3
,12140,3,수,1,3
,11382,3,화,5,6
,11383,1,목,3,4
,11384,1,목,5,6
,11385,1,금,1,2
,11386,1,금,3,4
,11387,1,월,2,3
,11388,1,월,7,8
,11517,2,금,5,6
,10132,3,수,4,7
,10557,3,금,7,9
,13150,3,화,5,6
,10069,3,수,2,3
,10833,2,화,8,9
,11773,3,금,3,5
,11774,3,금,7,9
,10786,2,월,5,6
,10787,1,수,7,8
,12075,2,금,1,2
,10483,3,수,5,7
,10484,3,화,2,3
,10099,3,화,6,8
,11233,3,화,4,6
,11008,3,화,2,3
,11518,3,월,5,6
,10558,3,화,1,3
,11775,5,월,2,10
,11776,5,월,2,10
,11777,5,월,2,10
,12403,3,화,5,6
,10582,3,금,4,6
,13099,3,월,5,8
,12858,2,토,8,9
,10525,3,수,1,3
,10885,3,금,5,7
,10601,2,수,6,9
,13250,2,화,6,9
,10624,3,금,6,8
,12141,1,화,6,7
,12142,1,화,8,9
,12143,1,목,3,4
,10886,2,수,6,9
,10982,1,화,6,7
,10983,1,화,8,9
,10526,2,화,1,4
,10527,2,월,1,4
,10528,2,수,5,8
,10894,2,화,7,10
,12306,2,수,6,9
,12711,3,토,5,7
,12637,3,토,1,3
,10755,3,금,2,5
,12076,1,월,3,4
,12596,2,수,5,6
,10114,3,월,2,8
,10897,3,화,1,6
,12507,3,수,2,5
,10322,2,화,1,3
,12563,3,월,7,9
,10078,3,화,6,8
,10602,2,목,1,4
,10667,3,월,1,6
,12533,3,토,8,10
,12531,3,토,1,3
,12323,3,금,4,6
,10772,3,화,5,8
,10323,1,금,3,3
,10115,3,수,7,9
,12732,3,목,5,7
,11822,3,수,6,8
,11825,3,화,6,8
,11826,3,월,6,8
,12659,3,월,2,9
,12505,3,월,5,8
,11519,3,수,1,3
,10064,3,월,1,4
,12731,3,월,2,5
,11780,3,월,1,2
,12617,2,월,7,9
,12662,3,수,2,8
,12669,3,화,1,6
,12717,2,수,1,2
,11410,3,월,2,8
,11411,1,월,9,10
,13222,1,금,2,3
,13232,1,금,6,7
,12365,3,화,6,9
,11412,3,월,2,6
,13199,3,수,1,3
,10501,3,수,1,3
,10898,3,금,1,3
,11229,3,목,6,9
,11292,3,금,6,9
,11317,3,목,1,4
,13066,2,수,6,8
,12718,3,화,1,6
,12720,3,월,1,3
,12730,2,화,6,9
,13182,2,월,5,8
,11009,3,월,4,8
,12688,3,월,2,6
,11668,3,화,2,8
,12366,3,월,2,8
,12376,3,화,1,3
,12367,3,수,5,9
,12689,3,화,6,8
,12056,3,화,5,8
,11234,3,수,1,3
,11697,3,화,2,9
,11698,3,화,2,8
,11699,3,월,5,6
,10439,2,화,5,7
,10441,2,수,4,7
,10442,2,목,8,11
,11759,3,월,6,8
,11760,3,화,6,8
,11761,3,화,1,3
,11762,3,수,2,4
,11642,2,수,4,6
,11643,3,월,1,6
,11644,2,수,8,9
,11645,3,화,2,8
,11647,3,화,2,6
,12733,3,월,7,9
,11781,3,월,2,9
,11763,3,월,2,4
,11783,3,월,2,6
,11047,3,화,1,6
,10756,3,수,7,9
,12375,2,화,7,8
,13306,3,월,2,9
,12455,3,화,2,6
,11389,3,화,2,8
,11520,3,수,2,8
,11521,3,월,7,8
,11235,3,수,2,6
,12600,2,금,3,4
,11010,3,월,1,6
,10133,3,수,1,3
,11764,3,월,2,4
,12838,2,토,11,12
,11279,3,월,2,9
,11280,3,화,2,8
,10443,2,목,2,4
,12102,3,토,8,10
,11784,3,화,1,6
,12647,3,월,2,8
,11701,3,화,5,6
,12899,1,화,2,2
,12900,1,수,5,5
,12901,1,월,9,9
,12902,1,월,10,10
,12903,1,목,9,9
,12904,1,화,9,9
,12905,1,월,10,10
,12906,1,월,8,8
,12907,1,월,8,8
,12908,1,화,7,7
,12909,1,월,9,9
,12910,1,금,4,4
,12911,1,월,7,7
,12912,1,월,5,5
,12913,1,수,6,6
,12914,1,화,9,9
,12915,1,수,6,6
,12916,1,화,6,6
,12917,1,화,6,6
,12918,1,월,7,7
,12919,1,수,9,9
,12920,1,화,3,3
,12921,1,수,2,2
,12922,1,화,9,9
,12923,1,월,9,9
,12924,1,화,10,10
,12925,1,목,7,7
,12926,1,화,3,3
,12927,1,월,8,8
,12928,1,수,10,10
,12929,1,목,5,5
,12930,1,목,6,6
,12931,1,화,5,5
,12932,1,월,9,9
,12933,1,목,3,3
,12934,1,목,9,9
,12935,1,수,2,2
,12936,1,화,5,5
,12937,1,화,9,9
,12938,1,목,3,3
,12939,1,월,6,6
,12940,1,화,6,6
,12941,1,월,3,3
,12942,1,월,1,1
,12943,1,수,3,3
,12944,1,화,8,8
,12945,1,화,9,9
,12946,1,화,1,1
,12947,1,수,7,7
,12948,1,화,9,9
,12949,1,화,2,2
,12950,1,수,1,1
,12951,1,목,3,3
,12952,1,수,4,4
,12953,1,월,9,9
,12104,3,월,2,4
,12105,3,수,1,3
,12106,3,수,7,9
,12282,3,화,2,8
,12283,3,화,4,9
,12284,3,화,2,4
,12123,3,금,2,4
,12124,3,화,4,9
,12285,3,화,8,9
,12758,3,월,2,3
,12330,3,화,4,9
,12331,3,화,4,9
,11714,3,월,2,8
,12217,3,화,4,9
,12107,3,수,2,4
,12329,3,화,5,6
,12115,3,화,4,9
,12108,3,목,1,3
,12109,3,목,7,9
,12110,3,화,2,4
,12122,3,화,4,9
,12117,3,화,4,9
,12120,3,화,4,9
,12287,3,금,4,6
,12288,3,금,7,9
,12289,3,목,1,3
,12757,3,목,5,7
,12290,3,금,7,9
,12277,3,화,4,9
,12297,3,목,2,4
,12298,3,목,6,8
,12281,3,금,1,3
,12279,3,수,4,6
,12324,3,수,6,8
,12130,3,월,5,7
,13028,3,목,1,3
,12116,3,화,5,8
,12278,3,화,4,9
,11669,2,수,4,5
,12377,2,월,2,3
,12378,2,화,4,5
,13217,2,화,2,3
,12334,3,화,1,3
,10264,3,화,4,6
,10444,2,금,7,9
,12780,3,토,3,5
,12839,3,토,8,10
,12859,3,토,5,7
,12781,2,토,10,11
,12840,2,토,3,4
,12782,3,토,7,9
,12841,2,토,1,2
,13214,3,수,4,6
,10773,4,수,5,9
,11012,3,월,4,9
,12535,3,토,11,13
,12581,3,토,11,13
,12589,3,토,11,13
,10280,3,금,7,9
,10269,3,수,4,6
,10265,3,수,11,13
,12111,3,화,5,7
,12112,3,월,5,7
,12119,3,화,8,9
,12340,3,화,4,9
,13297,3,화,4,9
,10062,2,금,1,3
,12509,2,금,5,7
,10324,1,금,4,4
,12379,3,수,5,7
,11236,3,월,4,8
,11765,3,목,2,4
,10096,2,화,5,8
,10445,2,수,8,11
,11671,3,화,1,6
,11672,1,월,2,3
,11673,1,월,4,5
,12325,3,월,2,4
,12648,2,수,5,6
,11942,2,월,3,4
,12649,2,수,3,4
,11281,3,월,1,3
,10835,2,월,1,2
,11237,3,월,8,9
,11766,3,화,6,8
,12759,3,화,1,6
,11778,3,월,1,6
,10668,3,수,7,9
,11078,3,월,1,6
,11390,3,화,1,2
,10985,2,금,1,3
,10986,2,금,4,6
,10033,1,월,3,3
,10026,3,월,6,8
,10034,3,목,6,8
,10035,2,화,6,7
,12861,2,토,3,4
,10446,2,수,6,9
,10447,2,월,10,13
,10079,5,목,1,10
,10080,5,목,1,10
,10036,1,수,3,3
,10037,1,수,3,3
,10038,1,수,3,3
,10039,1,수,3,3
,10040,1,수,3,3
,10041,1,수,3,3
,10042,1,수,3,3
,10043,1,수,3,3
,10530,2,목,1,4
,10531,2,목,6,9
,12291,3,수,5,8
,12292,3,목,5,8
,12339,3,화,4,9
,12113,3,화,5,8
,12114,3,화,4,9
,12293,3,월,5,7
,12294,3,월,2,3
,12295,3,화,4,9
,12296,3,화,5,6
,12338,3,화,2,8
,13301,3,화,2,5
,12368,3,화,2,8
,12369,3,수,1,4
,10149,3,월,2,8
,12580,2,수,3,4
,10532,3,화,6,8
,13284,1,수,11,12
,12544,3,토,1,3
,12645,3,일,2,3
,11359,3,화,1,4
,12583,3,화,6,9
,10449,2,월,5,8
,12532,3,토,5,7
,12821,2,토,1,2
,12843,2,토,6,7
,12862,2,토,1,2
,10044,1,금,6,7
,10045,2,목,2,3
,10325,1,금,5,5
,10326,2,월,1,3
,12121,3,화,7,9
,12768,3,수,4,9
,12769,3,목,4,8
,12332,3,화,2,8
,12333,3,화,2,8
,12335,3,화,4,9
,12336,3,수,4,9
,12734,3,화,1,3
,12519,3,목,2,4
,12625,3,목,4,6
,12523,3,목,2,4
,12573,3,화,1,3
,12767,3,월,2,8
,13233,3,화,2,8
,12638,3,화,4,9
,13281,3,월,2,9
,13285,2,수,6,9
,13310,2,금,6,9
,12602,1,월,5,6
,11212,3,수,1,3
,11213,3,화,4,6
,11509,2,목,7,8
,12651,3,월,7,9
,11013,3,월,7,8
,10774,3,월,2,6
,10865,3,목,2,4
,10116,3,월,1,6
,10081,3,월,6,8
,12396,3,월,2,8
,13302,3,수,1,3
,10625,3,월,4,9
,12652,3,화,1,6
,10070,3,월,2,8
,10626,2,월,6,9
,10603,2,월,8,9
,12740,3,화,2,8
,12984,3,화,1,3
,10083,3,수,6,8
,10627,3,목,5,7
,11511,2,화,1,2
,12302,2,월,1,2
,11554,1,화,1,11
,11555,1,화,1,11
,11556,1,화,3,11
,11557,1,화,3,11
,12071,3,화,2,3
,10836,2,화,5,6
,11558,2,수,1,2
,12303,2,월,3,4
,11501,1,목,3,11
,11502,1,목,3,11
,11675,3,월,2,9
,12317,3,월,2,9
,12822,3,토,1,3
,11391,3,화,2,6
,10628,3,화,1,2
,10084,3,수,1,3
,11676,3,월,1,5
,12639,3,화,2,8
,10117,3,화,6,8
,12498,1,월,5,6
,12499,1,수,5,6
,12500,1,수,8,9
,10988,1,수,4,5
,12497,3,화,1,8
,12615,3,월,2,8
,10533,3,월,5,8
,12144,3,수,1,2
,12496,3,월,1,9
,12495,1,화,8,9
,10502,3,화,2,8
,12613,3,목,2,5
,12145,3,월,2,8
,12494,3,월,2,6
,10085,3,화,1,3
,11536,3,월,1,6
,12510,3,화,1,6
,11559,1,수,5,11
,11560,1,수,5,11
,12347,3,목,4,6
,12080,2,금,3,4
,12763,3,월,2,8
,12380,3,화,5,8
,11677,3,화,1,6
,13196,3,월,5,9
,12598,1,화,1,2
,10757,3,월,1,6
,10837,2,금,5,6
,11392,3,월,2,8
,13206,3,월,2,8
,12399,3,월,2,3
,11438,3,화,7,9
,10866,3,수,1,3
,12761,3,목,2,4
,10634,3,목,6,8
,12370,3,월,2,8
,12342,3,월,6,8
,10989,3,화,1,6
,12426,3,토,5,7
,10990,3,화,2,9
,11650,3,화,4,6
,10327,1,월,1,3
,13219,3,월,5,9
,13207,3,화,1,8
,10559,3,수,4,6
,11282,3,월,1,4
,11782,3,수,9,11
,10838,3,화,1,3
,10450,2,월,6,8
,12328,3,월,1,9
,11439,3,수,2,4
,11797,3,목,6,8
,10605,2,수,2,3
,12381,3,월,2,3
,10560,3,금,4,6
,12482,3,금,7,9
,11440,3,월,7,9
,12081,1,금,1,2
,10839,2,수,7,8
,11014,3,월,2,3
,12082,1,목,1,2
,10635,3,금,6,8
,10758,3,목,1,3
,10503,3,월,2,8
,11561,2,월,3,4
,12305,2,수,1,2
,10504,3,월,1,5
,10534,3,화,6,8
,10867,2,화,5,9
,10086,3,월,7,9
,10629,3,목,5,7
,10561,3,목,5,8
,10562,3,수,7,9
,12601,2,금,5,6
,10899,3,화,7,8
,12125,3,수,2,5
,11522,3,화,7,8
,11360,2,수,5,6
,13208,3,수,5,9
,12618,3,수,4,6
,13080,3,화,2,8
,11441,3,목,5,7
,12764,3,월,5,6
,10486,3,월,1,3
,10606,3,화,5,6
,12696,3,월,2,9
,10583,3,월,1,6
,10584,3,월,4,8
,12995,3,월,4,8
,10087,3,월,2,4
,11394,3,월,7,8
,11361,2,수,1,3
,10155,3,월,2,8
,10156,3,월,5,6
,10727,3,수,5,7
,10134,3,월,6,9
,12748,3,화,1,2
,10135,3,화,9,12
,10136,3,월,1,4
,10585,2,화,1,2
,10630,3,금,1,3
,10729,2,월,2,3
,10730,2,화,2,3
,11523,2,월,5,6
,10328,2,월,4,8
,11715,3,수,5,7
,13009,3,월,2,5
,13104,3,월,5,9
,10775,3,수,5,8
,11767,3,화,2,4
,10869,3,월,2,8
,11215,3,화,7,9
,10631,2,화,6,9
,12493,1,월,5,6
,12062,1,월,5,6
,12085,1,화,3,4
,12086,2,화,5,6
,11157,2,금,3,4
,10731,2,수,2,3
,10841,2,수,9,10
,12087,2,목,5,6
,10776,3,목,1,3
,11524,3,월,2,8
,12088,1,목,7,8
,12319,3,금,1,3
,12146,3,월,2,9
,12147,3,화,2,6
,10563,3,월,2,3
,10564,3,월,4,5
,10535,3,수,1,3
,12129,3,목,5,7
,13021,3,수,2,5
,10330,2,화,4,8
,10331,2,수,1,5
,10332,1,수,6,7
,10333,10,목,1,9
,10335,1,화,1,3
,11216,3,월,2,8
,10254,3,수,7,10
,10992,3,수,4,8
,10487,3,화,5,6
,12184,1,화,10,11
,12185,1,화,10,11
,12186,1,화,10,11
,12187,1,화,10,11
,12188,1,화,10,11
,12189,1,화,10,11
,12190,1,화,10,11
,12191,1,화,10,11
,12192,1,화,10,11
,12193,1,화,10,11
,12194,1,화,10,11
,12195,1,화,10,11
,12196,1,화,10,11
,12197,1,화,10,11
,12198,1,화,10,11
,12199,1,화,10,11
,12200,1,화,10,11
,12201,1,화,10,11
,12202,1,수,11,12
,10367,3,화,1,3
,12089,1,금,7,8
,11562,1,월,8,9
,11563,1,월,10,11
,11564,1,화,6,7
,11508,2,수,7,8
,12149,3,월,2,8
,11827,3,월,1,3
,12705,3,월,5,7
,11525,3,화,8,9
,11526,3,수,2,4
,10536,3,금,1,3
,11798,6,수,1,10
,11799,6,수,1,10
,11803,6,수,1,10
,12314,3,화,5,7
,10586,3,월,7,9
,12611,3,목,1,3
,12484,3,화,1,3
,10607,2,금,5,8
,12755,2,수,5,8
,10759,3,화,1,3
,11395,3,월,5,6
,12153,1,수,5,6
,12154,1,수,7,8
,11565,2,목,1,2
,12155,1,수,5,6
,12156,1,수,7,8
,12157,1,목,5,6
,10537,2,수,6,9
,11324,3,수,4,6
,12547,3,토,8,10
,10777,3,화,2,6
,12606,2,월,5,8
,10118,3,월,2,9
,10393,3,수,1,3
,10071,3,월,1,6
,12083,3,수,7,9
,11082,3,월,2,8
,13152,3,화,1,9
,10760,3,월,7,9
,12090,2,월,3,4
,13269,3,화,8,9
,10608,1,금,9,12
,12754,1,목,10,13
,11016,2,금,1,4
,13068,2,화,5,8
,13069,3,월,1,3
,12574,3,화,2,4
,11828,3,화,7,9
,11831,3,금,1,3
,11832,3,수,1,3
,12721,3,수,5,7
,11833,3,월,1,3
,12723,3,월,5,7
,11396,3,금,5,7
,12382,3,수,6,8
,12437,3,토,5,7
,12512,3,토,5,7
,12577,3,토,1,3
,11283,3,화,1,6
,11284,3,수,6,9
,11285,3,수,1,3
,12326,3,화,2,3
,11414,3,월,6,9
,11397,3,월,1,2
,12971,3,화,5,8
,12383,3,월,4,8
,12972,3,월,7,8
,11362,3,금,1,4
,11363,3,화,1,4
,12454,3,수,1,3
,12745,2,수,5,8
,12747,3,월,1,8
,12690,3,수,2,3
,12691,3,화,5,7
,11239,3,월,7,9
,11703,3,월,2,6
,11704,3,화,2,3
,11705,3,월,2,6
,12610,3,월,5,8
,10451,2,목,1,4
,10452,2,수,7,9
,11768,3,목,6,8
,11651,2,화,2,3
,11652,2,화,2,3
,11653,3,월,7,8
,13192,3,목,7,9
,12736,3,월,5,8
,12737,3,화,5,7
,12552,3,토,1,3
,13290,3,토,8,10
,11785,3,화,5,8
,12536,3,토,8,10
,11786,3,월,1,8
,12537,3,토,5,7
,12553,3,토,5,7
,13195,3,수,1,3
,13025,3,목,6,9
,10137,3,목,4,7
,11654,3,월,2,6
,11566,2,목,3,4
,11567,2,수,7,8
,11527,3,월,2,3
,12458,3,화,6,8
,12692,3,월,5,6
,12719,3,월,11,12
,11415,3,수,5,8
,11037,3,화,4,8
,10138,3,수,1,4
,12749,3,수,6,9
,12760,3,월,7,9
,12956,3,목,7,9
,10761,3,수,5,8
,13063,3,수,7,8
,13045,2,월,12,13
,10587,2,금,2,3
,12159,3,월,4,6
,10021,3,화,10,12
,10732,3,금,2,4
,11442,3,월,1,3
,12101,3,월,2,6
,11658,3,월,5,9
,10270,3,수,7,9
,12954,3,화,10,12
,12957,3,화,10,12
,12958,3,목,10,12
,12959,3,수,6,8
,10453,2,월,2,4
,10842,2,목,5,6
,10843,2,목,1,2
,12824,1,토,7,8
,12846,1,토,5,6
,12384,3,월,4,8
,12308,2,수,4,5
,12309,2,목,1,2
,12371,2,수,1,2
,12693,2,화,4,5
,12965,2,화,2,3
,11678,2,화,8,9
,13241,2,월,1,2
,12453,3,수,9,12
,10901,3,수,6,8
,10539,3,월,1,4
,10505,3,금,1,3
,12966,3,화,2,8
,11679,3,화,2,8
,11528,3,금,10,12
,10119,3,월,2,8
,12870,2,목,2,3
,12508,3,월,4,6
,10506,3,목,5,6
,12530,3,토,11,13
,12534,3,토,11,13
,12540,3,토,11,13
,12562,3,토,11,13
,12590,3,토,11,13
,13305,3,토,1,3
,12865,2,토,3,4
,10271,3,수,10,12
,12405,3,목,6,8
,11568,1,목,1,2
,11569,1,월,6,7
,12385,3,월,4,6
,11769,3,수,2,4
,10454,2,목,6,9
,10455,2,수,2,5
,10456,2,화,2,4
,11287,3,금,1,4
,10903,3,금,5,7
,13221,1,목,1,2
,12038,3,수,4,6
,10507,2,금,5,6
,11681,2,금,5,6
,12694,2,금,5,6
,13002,2,금,5,6
,13270,2,금,5,6
,11083,3,월,2,9
,11787,3,수,5,7
,11788,3,월,2,9
,10733,1,화,6,7
,12727,1,화,8,9
,10734,1,월,5,6
,12729,1,월,7,8
,13298,1,목,1,2
,13299,1,목,3,4
,10632,1,목,9,10
,12372,3,월,2,8
,10922,3,월,2,3
,12160,3,금,4,6
,12161,3,금,7,9
,10609,3,월,2,8
,10993,1,월,5,6
,10994,1,월,7,8
,12847,3,토,9,11
,12867,2,토,1,2
,10457,2,화,10,13
,10458,2,목,4,7
,12058,5,목,1,10
,12059,5,목,1,10
,10022,3,화,7,9
,12738,3,수,8,10
,11708,3,화,5,8
,12474,3,화,5,8
,12394,3,월,4,9
,12568,3,월,4,6
,10870,3,월,5,8
,13173,3,수,9,11
,13174,3,월,7,9
,12582,2,화,7,8
,12654,3,수,10,12
,13296,3,월,10,12
,10139,3,금,1,4
,11364,3,목,1,4
,12826,2,토,5,6
,12848,2,토,7,8
,12868,2,토,6,7
,12827,3,토,9,11
,12849,3,토,1,3
,12869,3,토,8,10
,10023,3,금,2,4
,10336,2,목,1,2
,10338,1,수,8,8
,13293,3,월,2,8
,12978,2,목,6,7
,12517,3,월,7,9
,12564,3,월,5,6
,12766,3,목,5,8
,12603,2,수,5,6
,12594,3,목,6,8
,12604,1,월,7,8
,12621,3,수,1,4
,12622,3,월,2,5
,12641,3,화,6,9
,12703,2,금,3,6
,13300,3,금,2,5
,10610,3,월,5,6
,10088,3,월,2,4
,12660,3,수,7,9
,11084,3,금,4,6
,12057,3,화,5,7
,10339,8,목,8,9
,11038,3,월,4,6
,10566,3,월,7,9
,10567,3,월,7,9
,10340,1,수,6,7
,10492,3,화,5,6
,11571,1,화,3,11
,11572,1,화,3,11
,10341,2,수,1,5
,11573,2,목,3,4
,12765,3,화,7,8
,11574,3,월,2,8
,11575,3,월,1,6
,11576,1,월,5,11
,11577,1,월,5,11
,10089,3,금,6,8
,11789,3,월,7,8
,12091,1,목,5,6
,11834,3,목,1,3
,13154,3,목,5,7
,10120,3,화,2,8
,11683,3,화,1,6
,10493,3,목,7,9
,10636,3,금,2,4
,11790,3,월,2,6
,12661,3,목,2,4
,10871,3,화,1,3
,12491,1,화,3,4
,12492,1,화,6,7
,13189,1,목,3,4
,11578,2,월,5,6
,11579,2,수,1,2
,11288,3,월,2,9
,10396,3,목,4,6
,11804,3,수,2,4
,10090,3,월,6,8
,10342,1,목,1,2
,13215,3,목,7,9
,10402,3,화,1,3
,10778,3,월,1,6
,12092,1,화,5,6
,11805,3,월,2,8
,12078,3,화,4,8
,10779,3,목,6,8
,11219,3,목,4,6
,12575,3,목,7,9
,11040,3,화,2,3
,12386,3,화,6,8
,13092,3,화,4,6
,13303,3,목,5,7
,12472,3,월,6,8
,13304,3,월,1,2
,12404,3,수,5,7
,10640,3,월,1,3
,10742,3,금,7,9
,10873,3,금,5,7
,12387,3,목,7,9
,12169,3,월,2,8
,11041,3,월,2,3
,13209,3,목,2,4
,13210,3,월,7,9
,13211,3,월,4,6
,10923,3,화,10,12
,10780,3,월,2,8
,10343,1,목,3,4
,11445,3,월,2,4
,10996,3,화,3,5
,10997,3,목,5,8
,12170,3,월,2,8
,10588,3,화,4,6
,12997,3,화,2,6
,10844,3,화,2,8
,10845,2,화,7,8
,11085,3,금,7,9
,10509,3,화,2,8
,11220,3,화,2,8
,11580,2,금,1,2
,10568,2,목,2,3
,11529,2,금,2,3
,11581,2,목,1,2
,13312,3,금,1,3
,10344,1,목,5,6
,10345,1,목,7,8
,13070,3,월,6,8
,10589,3,목,7,9
,11684,3,월,1,6
,10346,3,화,3,8
,10737,2,월,2,3
,11221,3,수,4,6
,11399,3,화,2,3
,12093,1,금,7,8
,12094,2,화,3,4
,10846,3,목,2,4
,12077,2,월,5,6
,12320,3,금,6,8
,10641,1,월,4,5
,12490,2,목,8,9
,10347,4,월,1,8
,10072,3,화,4,6
,10091,2,목,6,7
,12171,1,월,4,4
,12095,2,화,1,2
,10348,1,금,1,2
,10349,2,금,3,5
,10350,1,금,6,7
,12402,3,월,4,9
,12400,3,월,6,8
,11222,3,수,7,9
,10847,2,금,3,4
,10738,2,수,10,11
,11049,2,목,9,12
,11806,3,월,1,6
,12096,2,수,1,2
,12097,2,목,3,4
,10510,2,목,5,6
,10408,3,금,1,3
,11582,3,월,1,6
,11583,3,월,2,8
,11586,1,목,3,11
,11587,1,목,3,11
,10781,3,수,5,8
,10763,3,목,1,3
,11530,3,화,6,8
,11531,3,목,5,7
,11532,3,수,4,6
,12307,2,월,7,8
,11446,3,금,2,4
,11447,3,수,5,7
,11812,6,화,2,11
,11814,6,화,2,11
,11815,6,화,2,11
,13016,3,화,5,6
,13156,3,수,1,3
,10764,3,화,1,3
,10092,3,화,6,8
,12172,2,화,2,8
,11000,2,수,1,9
,12549,3,토,5,7
,12550,3,토,5,7
,12103,3,토,1,3
,10495,3,목,2,4
,10874,3,금,1,3
,13307,3,월,2,4
,12128,3,화,6,8
,10590,3,화,1,3
,12436,3,토,1,3
,12541,3,토,1,3
,12395,3,토,1,3
,10848,2,수,7,8
,10926,3,수,10,12
,10511,3,월,2,8
,11589,2,수,1,2
,11590,2,월,5,6
,12609,3,목,10,12
,10074,3,화,2,8
,10642,3,목,1,3
,12570,3,화,2,8
,10073,3,수,4,6
,10643,3,화,3,5
,13032,3,월,1,3
,10075,3,수,7,9
,10645,3,금,1,3
,12779,3,수,7,9
,10612,3,목,2,5
,12489,3,수,2,4
,12446,3,화,5,9
,12488,3,금,2,4
,12487,3,수,6,8
,12578,3,토,8,10
,12554,3,토,1,3
,12546,3,토,5,7
,11591,1,화,3,11
,11592,1,화,3,11
,13018,3,수,6,8
,10496,2,수,1,3
,10782,2,금,2,3
,10569,3,금,7,9
,10570,3,목,7,9
,11835,3,수,1,3
,13159,3,수,5,7
,11836,3,목,1,3
,13176,3,목,5,7
,11837,3,화,1,6
,13178,3,금,1,6
,11400,3,수,7,9
,10613,2,금,5,8
,12756,2,화,9,12
,11042,3,목,10,12
,10512,3,화,5,9
,10614,3,월,7,9
,10615,3,월,2,4
,10616,3,수,6,8
,12990,3,화,1,8
,10940,3,월,1,3
,12452,3,수,3,6
,12999,3,월,2,3
,12695,3,월,2,8
,12643,3,수,1,3
,12459,3,화,1,3
,13064,3,월,2,8
,11770,3,화,6,8
,11663,3,화,2,8
,11674,3,수,1,2
,12516,3,금,7,9
,11791,3,월,2,9
,12614,3,목,6,8
,11417,3,월,2,8
,13172,3,수,2,5
,12098,2,월,1,2
,12099,1,수,5,6
,12545,3,토,1,3
,12439,3,토,8,10
,12513,3,토,8,10
,11593,2,월,7,8
,11401,3,월,4,6
,11534,3,수,7,9
,10571,3,화,7,9
,10572,3,수,1,3
,11402,3,화,1,6
,12175,3,수,2,6
,12176,3,수,5,8
,11712,3,월,8,9
,13083,2,월,12,13
,10409,3,월,2,8
,10875,1,금,8,9
,11838,3,화,6,8
,10591,2,목,3,4
,10592,2,월,2,3
,11405,3,화,4,6
,12750,3,화,2,4
,13038,2,화,3,4
,12828,3,목,1,3
,13019,3,화,2,9
,10024,3,금,6,8
,10739,3,수,5,7
,11406,3,월,5,7
,12961,3,화,6,8
,12963,3,수,9,11
,10459,2,월,5,7
,10849,2,월,4,5
,11685,3,목,5,7
,12388,3,수,7,9
,12697,3,금,6,8
,12968,3,금,2,4
,12752,3,금,9,12
,10543,3,화,1,3
,10850,3,월,1,3
,12389,3,수,2,4
,10851,3,수,4,6
,10514,3,금,5,7
,10515,2,월,4,5
,10516,2,월,6,7
,12556,3,토,5,7
,10263,3,목,10,12
,10260,3,월,7,9
,11691,3,화,5,6
,11771,3,화,2,4
,10460,2,목,6,8
,10461,2,화,6,9
,10462,2,목,2,5
,10463,2,화,6,8
,11688,2,화,8,11
,10144,1,월,5,5
,10411,1,수,10,10
,10464,1,목,13,13
,10497,1,목,10,10
,10517,1,화,9,9
,10544,1,금,10,10
,10593,1,목,10,10
,10647,1,금,10,10
,10743,1,금,7,7
,10783,1,금,5,5
,10853,1,월,9,9
,10876,1,수,9,9
,10942,1,목,10,10
,11001,1,월,9,9
,11043,1,화,10,10
,11152,1,월,9,9
,11366,1,목,10,10
,11403,1,화,9,9
,11418,1,화,5,5
,11448,1,수,8,8
,11535,1,금,4,4
,11689,1,목,10,10
,11710,1,월,10,10
,12182,1,화,9,9
,12390,1,수,6,6
,12486,1,금,1,1
,12994,1,금,1,1
,13039,1,화,9,9
,13065,1,목,9,9
,13216,1,금,12,12
,13252,1,월,9,9
,13289,1,금,9,9
,11290,3,월,5,7
,10413,1,금,10,10
,10465,1,수,13,13
,10518,1,화,9,9
,10545,1,금,10,10
,10594,1,화,9,9
,10648,1,금,9,9
,10784,1,금,6,6
,10785,1,금,8,8
,10852,1,월,10,10
,10877,1,목,9,9
,10946,1,목,10,10
,11002,1,월,9,9
,11356,1,월,1,1
,11367,1,목,10,10
,11404,1,화,9,9
,11419,1,화,5,5
,11449,1,수,8,8
,11690,1,목,10,10
,11793,1,월,9,9
,12204,1,화,9,9
,12391,1,수,6,6
,13041,1,화,9,9
,10646,3,화,1,9
,12699,3,월,2,8
,12700,3,수,5,8
,12451,3,월,7,9
,12551,3,토,11,13
,11794,3,수,2,4
,12327,3,화,6,9
,10637,1,목,7,8
,10638,1,금,5,6
,10639,1,금,7,8
,11420,2,수,9,10
,11421,2,수,9,10
,12206,3,월,1,6
,12555,3,토,8,10
,11692,2,월,10,11
,11619,3,월,7,9
,11368,3,금,1,4
,11369,3,월,6,9
,11371,3,수,7,9
,10025,3,월,10,12
,10351,1,수,8,8
,12476,3,수,2,4
,13223,3,수,10,12
,13224,3,목,10,12
,12742,3,월,2,5
,12743,3,목,1,3
,13286,3,수,4,6
,13213,3,화,7,9
,12626,3,목,7,9
,12624,3,월,7,9
,12744,3,목,4,6
,12746,3,월,2,9
,12751,3,화,1,3
,12526,3,수,6,8
,12566,3,수,6,8
,12597,2,금,9,10
,12595,2,화,5,6
,12585,2,월,5,6
,12605,1,월,7,8
,12623,3,목,6,8
,12619,3,화,1,4
,12620,3,화,6,9
,12704,2,금,7,10
,13295,3,월,7,9
,11820,3,수,2,4
,11821,6,월,2,11
,11823,6,월,2,11
,11824,6,월,2,11
,11829,3,화,4,9
,11830,1,수,1,1
,12762,3,수,6,8
,12348,3,화,2,6
,12351,3,월,5,6
,12353,3,수,1,3
,12354,1,목,3,4
,12355,1,목,7,8
,12356,3,화,6,8
,12357,3,월,7,8
,12358,1,수,2,3
,12359,1,목,5,6
,12360,1,금,4,5
,12361,1,금,6,7
,12374,3,월,1,5
,12376,3,화,1,3
,12377,2,월,2,3
,12378,2,화,4,5
,12379,3,수,5,7
,12380,3,화,5,8
,12381,3,월,2,3
,12382,3,수,6,8
,12383,3,월,4,8
,12384,3,월,4,8
,12308,2,수,4,5
,12309,2,목,1,2
,12385,3,월,4,6
,12386,3,화,6,8
,12472,3,월,6,8
,12387,3,목,7,9
,13307,3,월,2,4
,12388,3,수,7,9
,12389,3,수,2,4
,12390,1,수,6,6
,12391,1,수,6,6
,10027,2,금,3,4
,10308,1,월,1,2
,10047,2,월,7,8
,10767,3,월,7,8
,10856,3,월,1,3
,12063,2,금,3,4
,11157,2,금,3,4
,10827,2,화,6,7
,10555,3,화,2,5
,11530,3,화,6,8
,13209,3,목,2,4
,12343,3,월,1,6
,13067,3,목,7,9
,11440,3,월,7,9
,10393,3,수,1,3
,12661,3,목,2,4
,10099,3,화,6,8
,13018,3,수,6,8
,10749,3,목,1,3
,12737,3,화,5,7
,11787,3,수,5,7
,11400,3,수,7,9
,12523,3,목,2,4
,10535,3,수,1,3
,12140,3,수,1,3
,12502,2,수,6,7
,10614,3,월,7,9
,10474,3,목,5,7
,11042,3,목,10,12
,10973,3,금,7,9
,12475,3,화,7,9
,11672,2,월,2,3
,13230,2,화,6,7
,13302,3,수,1,3
,12371,2,수,1,2
,11322,3,화,1,3
,12989,2,월,7,8
,10666,3,월,4,6
,10133,3,수,1,3
,10066,3,화,7,9
,11414,4,월,6,9
,11234,3,수,1,3
,11644,2,수,8,9
,12477,3,수,6,8
,11773,3,금,3,5
,11227,3,금,2,4
,11274,2,월,2,3
,13283,2,월,11,12
,12717,2,수,1,2
,13277,2,화,6,7
,13245,2,월,8,9
